{
  "model": "logreg-v10",
  "trained_at": "2026-04-27T06:15:39.792479+00:00",
  "n_train": 2008,
  "n_real_samples": 8,
  "n_user_corrected": 0,
  "feature_names": [
    "kp",
    "kp_max_window",
    "xray_flux_log10",
    "xray_max_log10_window",
    "proton_flux_log10",
    "wind_speed_km_s",
    "bz_nt"
  ],
  "classes": [
    "BACKGROUND",
    "GEOMAG_MAIN",
    "SEP_EVENT",
    "FLARE_M",
    "FLARE_X"
  ],
  "mean": [
    4.149169532039125,
    5.086872327135086,
    -5.60558915859474,
    -5.247800408890727,
    0.7225521698800678,
    507.38571182517643,
    -3.0817145049034584
  ],
  "std": [
    2.1831181275575187,
    2.112974692219216,
    1.6382264644004725,
    1.5475102269220435,
    1.3863252726027806,
    116.86294720268491,
    4.667460238978829
  ],
  "intercept": [
    -0.7066409345147707,
    0.060992722076430854,
    1.7974621803071689,
    1.662323975763395,
    -2.8141379436322214
  ],
  "coef": [
    [
      -1.0941538767970296,
      -1.3810750080900658,
      -2.047587936716089,
      -1.9161697548240173,
      -1.4883877538293866,
      -0.9306405073607873,
      0.656577964937281
    ],
    [
      1.500071030726686,
      1.4456787082571478,
      -1.8851456867141503,
      -1.8477027181953292,
      -1.0029657467086555,
      1.1437737046025849,
      -0.6978878822188863
    ],
    [
      0.2533957176131755,
      0.4600699574387465,
      -0.9120829590858446,
      -0.0924072740828757,
      2.842820036773933,
      0.5335968151459664,
      0.13317361904657438
    ],
    [
      -0.8452019044619045,
      -0.7439220406141531,
      1.2608028857262474,
      0.16448875224187362,
      -1.1323555467085427,
      -0.9950063413767866,
      0.14327359423766448
    ],
    [
      0.19383386920123896,
      0.24448413727845203,
      3.5643677393102613,
      3.677749196946857,
      0.7702708687117461,
      0.22739719464482935,
      -0.20415670520057494
    ]
  ],
  "train_accuracy": 0.9776,
  "validation_accuracy": 1.0
}