{
  "model": "logreg-v11",
  "trained_at": "2026-04-27T06:27:12.398627+00:00",
  "n_train": 2008,
  "n_real_samples": 8,
  "n_user_corrected": 0,
  "feature_names": [
    "kp",
    "kp_max_window",
    "xray_flux_log10",
    "xray_max_log10_window",
    "proton_flux_log10",
    "wind_speed_km_s",
    "bz_nt"
  ],
  "classes": [
    "BACKGROUND",
    "GEOMAG_MAIN",
    "SEP_EVENT",
    "FLARE_M",
    "FLARE_X"
  ],
  "mean": [
    4.149169532039125,
    5.086872327135086,
    -5.605967778965778,
    -5.248179029261765,
    0.7223882872629537,
    507.4813293550569,
    -3.0831886084891162
  ],
  "std": [
    2.1831181275575187,
    2.112974692219216,
    1.6382924101099023,
    1.5476675699284674,
    1.3865056257144124,
    116.82200248924609,
    4.665417204858395
  ],
  "intercept": [
    -0.6942677658059209,
    0.06037356890774354,
    1.7971347610136645,
    1.6517549328808236,
    -2.814995496996314
  ],
  "coef": [
    [
      -1.1015282551327166,
      -1.3678685324710784,
      -2.0572475964400296,
      -1.9210286741040825,
      -1.4829554185519078,
      -0.9037365484248815,
      0.6201533319067594
    ],
    [
      1.5004473924880335,
      1.445245529950177,
      -1.8848376397088418,
      -1.847886752781371,
      -1.003788332203422,
      1.1401029609154556,
      -0.6919121234039234
    ],
    [
      0.25537559637036356,
      0.4580366397425677,
      -0.9108603489748837,
      -0.09188585819587088,
      2.8417778694872418,
      0.5284168872640788,
      0.14099028774538594
    ],
    [
      -0.8420222139912736,
      -0.7512205860805341,
      1.26778813875395,
      0.16778856178926205,
      -1.1347000326789607,
      -1.0064002019983715,
      0.15665469332796586
    ],
    [
      0.1956723165477595,
      0.2410427031289897,
      3.565511488890241,
      3.6789709253785743,
      0.7690477721861462,
      0.22073776789952765,
      -0.1949055987741284
    ]
  ],
  "train_accuracy": 0.9776,
  "validation_accuracy": 1.0
}