{
  "model": "logreg-v21",
  "trained_at": "2026-04-28T22:24:39.488906+00:00",
  "n_train": 2012,
  "n_real_samples": 12,
  "n_user_corrected": 0,
  "feature_names": [
    "kp",
    "kp_max_window",
    "xray_flux_log10",
    "xray_max_log10_window",
    "proton_flux_log10",
    "wind_speed_km_s",
    "bz_nt"
  ],
  "classes": [
    "BACKGROUND",
    "GEOMAG_MAIN",
    "SEP_EVENT",
    "FLARE_M",
    "FLARE_X"
  ],
  "mean": [
    4.144896829192129,
    5.080735404019509,
    -5.610113692292966,
    -5.253036252230513,
    0.719548901293573,
    506.7316646843709,
    -3.0775560267624975
  ],
  "std": [
    2.1830469777566646,
    2.1153468317462836,
    1.638054662677306,
    1.5486396581941047,
    1.3865802188065577,
    117.26063591437966,
    4.660793514852541
  ],
  "intercept": [
    -0.6977116587330686,
    0.05646226337205676,
    1.7921148578711306,
    1.6714951467621508,
    -2.822360609272266
  ],
  "coef": [
    [
      -1.0931691554871963,
      -1.2931141766214693,
      -2.074074295107164,
      -1.9191013345385957,
      -1.4266677519769133,
      -1.0414849100085317,
      0.523017027369568
    ],
    [
      1.4974288789244647,
      1.441213308370659,
      -1.878657423470262,
      -1.8427092908451779,
      -1.0041670742602928,
      1.1576454403646188,
      -0.678283018486074
    ],
    [
      0.25154978953978474,
      0.4436060049125422,
      -0.9056565251895984,
      -0.09167493361036803,
      2.8299147870768753,
      0.5582047539244889,
      0.16192362139084027
    ],
    [
      -0.8395892977330327,
      -0.7876074140157187,
      1.2756152654026613,
      0.1636745480073501,
      -1.1627722028104932,
      -0.9510622548646861,
      0.19374639046185588
    ],
    [
      0.19172462103814655,
      0.22113803162411186,
      3.563127020884792,
      3.6757692130732975,
      0.7530741002099159,
      0.25581783623991594,
      -0.1694234299341336
    ]
  ],
  "train_accuracy": 0.9776,
  "validation_accuracy": 1.0
}