{
  "model": "logreg-v13",
  "trained_at": "2026-04-27T15:06:18.077346+00:00",
  "n_train": 2011,
  "n_real_samples": 11,
  "n_user_corrected": 0,
  "feature_names": [
    "kp",
    "kp_max_window",
    "xray_flux_log10",
    "xray_max_log10_window",
    "proton_flux_log10",
    "wind_speed_km_s",
    "bz_nt"
  ],
  "classes": [
    "BACKGROUND",
    "GEOMAG_MAIN",
    "SEP_EVENT",
    "FLARE_M",
    "FLARE_X"
  ],
  "mean": [
    4.145963411404558,
    5.082267346040403,
    -5.6075107495690695,
    -5.25025574737829,
    0.7202287122271107,
    507.16086988809263,
    -3.0895687348812255
  ],
  "std": [
    2.183065522097534,
    2.1147565986957493,
    1.637393493427448,
    1.5472731536177797,
    1.3865933401496289,
    116.88400260304563,
    4.65187136753391
  ],
  "intercept": [
    -0.6813483110739277,
    0.05937250283685763,
    1.7903660121779463,
    1.6542150909925608,
    -2.822605294933437
  ],
  "coef": [
    [
      -1.1009416150610567,
      -1.3713977222052163,
      -2.0585465712577653,
      -1.9294167844327506,
      -1.4770872124567935,
      -0.9830928798539931,
      0.5149924980839463
    ],
    [
      1.5003797409579416,
      1.4452689816110822,
      -1.8843525326339359,
      -1.8467671686035132,
      -1.002902918968585,
      1.1494254166574824,
      -0.6743303321208854
    ],
    [
      0.25494296288765567,
      0.45938514251692336,
      -0.9082227569404279,
      -0.0913015093897676,
      2.839816703642237,
      0.5449298791836346,
      0.1633757443382697
    ],
    [
      -0.8415024102763594,
      -0.7498007539844446,
      1.2687710528148708,
      0.17548517642386757,
      -1.1363323417617042,
      -0.9726185084163301,
      0.19483324601107652
    ],
    [
      0.19506615777398523,
      0.24178010633178318,
      3.5627048505376915,
      3.6779584880886724,
      0.7658876277839413,
      0.24047695808501202,
      -0.1678905655103492
    ]
  ],
  "train_accuracy": 0.9776,
  "validation_accuracy": 1.0
}