{
  "model": "logreg-v5",
  "trained_at": "2026-04-27T00:54:15.833615+00:00",
  "n_train": 2026,
  "n_real_samples": 26,
  "n_user_corrected": 0,
  "feature_names": [
    "kp",
    "kp_max_window",
    "xray_flux_log10",
    "xray_max_log10_window",
    "proton_flux_log10",
    "wind_speed_km_s",
    "bz_nt"
  ],
  "classes": [
    "BACKGROUND",
    "GEOMAG_MAIN",
    "SEP_EVENT",
    "FLARE_M",
    "FLARE_X"
  ],
  "mean": [
    4.13007523214934,
    5.059447005373767,
    -5.606205813172971,
    -5.251595838145499,
    0.7098201547733249,
    506.9415149777662,
    -3.0829332309210984
  ],
  "std": [
    2.1827353201438013,
    2.123417545349727,
    1.6309219958709062,
    1.5411166999579624,
    1.3866838246061508,
    116.43552485189971,
    4.633120661768383
  ],
  "intercept": [
    -0.5728746738566355,
    0.05256178154306766,
    1.7504975145078028,
    1.626802900113527,
    -2.856987522307761
  ],
  "coef": [
    [
      -1.148117371159175,
      -1.703714964158855,
      -1.9997978511214103,
      -1.963844874973553,
      -1.6924701723293827,
      -0.7822806646806588,
      0.41582216441775555
    ],
    [
      1.5158986643168015,
      1.4641589662643897,
      -1.8976982396920958,
      -1.8504624109730716,
      -0.9853737297715918,
      1.1257448188356736,
      -0.6536478035311412
    ],
    [
      0.27041736250204634,
      0.5299275006286748,
      -0.9114059251823741,
      -0.0878824509721473,
      2.879032212218218,
      0.5014467720679916,
      0.18429852216562606
    ],
    [
      -0.8404150465104357,
      -0.5964275341134903,
      1.2475345561604383,
      0.21972713216617362,
      -1.0278264370820662,
      -1.0528217450879993,
      0.22729224099403808
    ],
    [
      0.2101612271329285,
      0.3312917856494093,
      3.5417215023558763,
      3.6684208068391033,
      0.81601998520392,
      0.18703168452080382,
      -0.14278453324421944
    ]
  ],
  "train_accuracy": 0.9783,
  "validation_accuracy": 1.0
}