{
  "model": "logreg-v12",
  "trained_at": "2026-04-27T06:43:59.919169+00:00",
  "n_train": 2011,
  "n_real_samples": 11,
  "n_user_corrected": 0,
  "feature_names": [
    "kp",
    "kp_max_window",
    "xray_flux_log10",
    "xray_max_log10_window",
    "proton_flux_log10",
    "wind_speed_km_s",
    "bz_nt"
  ],
  "classes": [
    "BACKGROUND",
    "GEOMAG_MAIN",
    "SEP_EVENT",
    "FLARE_M",
    "FLARE_X"
  ],
  "mean": [
    4.145963411404558,
    5.082267346040403,
    -5.606285501143838,
    -5.249030498953058,
    0.7205868673186792,
    507.3178564619365,
    -3.087380768695249
  ],
  "std": [
    2.183065522097534,
    2.1147565986957493,
    1.6370858453126682,
    1.546664595913794,
    1.386209810015327,
    116.78767713032481,
    4.653568271935154
  ],
  "intercept": [
    -0.6641153760975297,
    0.05882275786551034,
    1.7866770012666937,
    1.644240588300611,
    -2.825624971335277
  ],
  "coef": [
    [
      -1.1110156780275156,
      -1.4394304555817592,
      -2.041369933675262,
      -1.929526032113599,
      -1.513502628849679,
      -0.904555039074654,
      0.5566069225868567
    ],
    [
      1.5032100548902025,
      1.4488170183258129,
      -1.8878625610982795,
      -1.8487276095715652,
      -1.0009985447712366,
      1.140618491098569,
      -0.6800895156880243
    ],
    [
      0.25850655487578067,
      0.4729156541787943,
      -0.9117805562107955,
      -0.09173774801285654,
      2.8460521350939327,
      0.5285334660467879,
      0.15430042764642238
    ],
    [
      -0.8417143866309825,
      -0.7170363480848364,
      1.2613984592122618,
      0.17927016913269506,
      -1.1174446076090483,
      -1.0060999436364684,
      0.17893172201262147
    ],
    [
      0.19895829117467834,
      0.2599698854321171,
      3.55996863429251,
      3.6766794226518353,
      0.7752755043751284,
      0.22062389122157233,
      -0.17876896575581688
    ]
  ],
  "train_accuracy": 0.9776,
  "validation_accuracy": 1.0
}