{
  "model": "logreg-v21",
  "trained_at": "2026-05-18T23:08:31.174520+00:00",
  "n_train": 2012,
  "n_real_samples": 12,
  "n_user_corrected": 0,
  "feature_names": [
    "kp",
    "kp_max_window",
    "xray_flux_log10",
    "xray_max_log10_window",
    "proton_flux_log10",
    "wind_speed_km_s",
    "bz_nt"
  ],
  "classes": [
    "BACKGROUND",
    "GEOMAG_MAIN",
    "SEP_EVENT",
    "FLARE_M",
    "FLARE_X"
  ],
  "mean": [
    4.150861043903859,
    5.086699618731238,
    -5.609378162555149,
    -5.252300722492695,
    0.7195396568950853,
    507.6656607082278,
    -3.071174317020947
  ],
  "std": [
    2.1785402221440595,
    2.1080494601869386,
    1.637672285156946,
    1.548065549139352,
    1.3865902515237951,
    116.68174582880623,
    4.668536070310307
  ],
  "intercept": [
    -0.6511855845052523,
    0.05549389523339265,
    1.7933848586869807,
    1.6255318056186263,
    -2.8232249750337437
  ],
  "coef": [
    [
      -1.071202251904272,
      -1.297824581026278,
      -2.0811999821674614,
      -1.9397970858957474,
      -1.4608773776648931,
      -0.9074887528444906,
      0.5884174392082149
    ],
    [
      1.4952581194892334,
      1.4441562921434092,
      -1.8822130737638691,
      -1.8452258522459624,
      -1.0025962878805117,
      1.1370403912263651,
      -0.6907125760507254
    ],
    [
      0.24893413351401497,
      0.44411648604363296,
      -0.9085870539407572,
      -0.08861322385582242,
      2.8377777199672,
      0.5301942175046541,
      0.14761208922855618
    ],
    [
      -0.8522915510015341,
      -0.7853653886889556,
      1.2881033875598007,
      0.17981824891367706,
      -1.1468368770161845,
      -1.0035854591195221,
      0.17153254170291302
    ],
    [
      0.18724638618472816,
      0.2201529457983176,
      3.5642507648327246,
      3.6797761151703603,
      0.7619146808334818,
      0.22296046888880502,
      -0.18586890328690092
    ]
  ],
  "train_accuracy": 0.9776,
  "validation_accuracy": 1.0
}