{
  "model": "logreg-v16",
  "trained_at": "2026-04-28T20:25:44.497066+00:00",
  "n_train": 2011,
  "n_real_samples": 11,
  "n_user_corrected": 0,
  "feature_names": [
    "kp",
    "kp_max_window",
    "xray_flux_log10",
    "xray_max_log10_window",
    "proton_flux_log10",
    "wind_speed_km_s",
    "bz_nt"
  ],
  "classes": [
    "BACKGROUND",
    "GEOMAG_MAIN",
    "SEP_EVENT",
    "FLARE_M",
    "FLARE_X"
  ],
  "mean": [
    4.140493495939614,
    5.076797430575461,
    -5.606228202606422,
    -5.248973200415643,
    0.720650377409782,
    506.7839927125581,
    -3.082840738859346
  ],
  "std": [
    2.189678411585412,
    2.123995044924388,
    1.6370755494301037,
    1.5466404629045953,
    1.3861435455457458,
    117.27100342879953,
    4.6576836001415405
  ],
  "intercept": [
    -0.7688139438174039,
    0.05993754380054207,
    1.7957217380605788,
    1.7235444546739687,
    -2.810389792717691
  ],
  "coef": [
    [
      -1.1485012579294438,
      -1.4347876127737265,
      -2.037937404976543,
      -1.9052629585085272,
      -1.4508596170654193,
      -1.0826615422525159,
      0.5430506158710529
    ],
    [
      1.5103754110168692,
      1.4531880429034845,
      -1.87919982112528,
      -1.8395000042675407,
      -0.9979119022740609,
      1.1633639411009142,
      -0.682097574388002
    ],
    [
      0.26242211033385027,
      0.4722591981985244,
      -0.9051563562799355,
      -0.09297115690581949,
      2.8343975195485704,
      0.5632253399474834,
      0.15812663832753251
    ],
    [
      -0.8222667102496746,
      -0.7256900530897058,
      1.2411505915285348,
      0.1514060805804595,
      -1.1543028623583647,
      -0.9300149086836502,
      0.18573515918526834
    ],
    [
      0.20591528311056723,
      0.26026617903154864,
      3.5614970333736613,
      3.6722862411879333,
      0.7580587203883689,
      0.26520803554357214,
      -0.1738342481937934
    ]
  ],
  "train_accuracy": 0.9776,
  "validation_accuracy": 1.0
}