{
  "model": "logreg-v20",
  "trained_at": "2026-04-29T18:19:23.332601+00:00",
  "n_train": 2012,
  "n_real_samples": 12,
  "n_user_corrected": 0,
  "feature_names": [
    "kp",
    "kp_max_window",
    "xray_flux_log10",
    "xray_max_log10_window",
    "proton_flux_log10",
    "wind_speed_km_s",
    "bz_nt"
  ],
  "classes": [
    "BACKGROUND",
    "GEOMAG_MAIN",
    "SEP_EVENT",
    "FLARE_M",
    "FLARE_X"
  ],
  "mean": [
    4.144896829192129,
    5.080735404019509,
    -5.607062361324995,
    -5.2499849212625405,
    0.7195246443189013,
    506.50800663268103,
    -3.0779138796452012
  ],
  "std": [
    2.1830469777566646,
    2.1153468317462836,
    1.6368275875871048,
    1.5466373658997306,
    1.3866065660326286,
    117.58248025756299,
    4.660403825118022
  ],
  "intercept": [
    -0.743213039787886,
    0.06019400603767116,
    1.7937138269908577,
    1.706103951721502,
    -2.816798744962139
  ],
  "coef": [
    [
      -1.0621314758815938,
      -1.351103195435964,
      -2.042809085403574,
      -1.915606975082029,
      -1.4662333898548272,
      -1.1791159821306945,
      0.5791180837981619
    ],
    [
      1.4954908475141167,
      1.4433679623063496,
      -1.8816777425344964,
      -1.8430872671260008,
      -1.0001439992519632,
      1.176371007094794,
      -0.6871930787583269
    ],
    [
      0.24337714578211597,
      0.4535940121061984,
      -0.9075717788256168,
      -0.09206093215664624,
      2.8389127693309972,
      0.5859951180616302,
      0.149523952784214
    ],
    [
      -0.8524444059742896,
      -0.7568248523069663,
      1.2512460913526962,
      0.1617526379566233,
      -1.1449252918381274,
      -0.8943402623019425,
      0.17318977526139773
    ],
    [
      0.18365272484181885,
      0.23620182760050723,
      3.5611665579314264,
      3.6749607384945606,
      0.7617717698530146,
      0.29021098493202396,
      -0.18365814228338667
    ]
  ],
  "train_accuracy": 0.9776,
  "validation_accuracy": 1.0
}