{
  "model": "logreg-v6",
  "trained_at": "2026-04-27T01:16:55.598050+00:00",
  "n_train": 2011,
  "n_real_samples": 11,
  "n_user_corrected": 0,
  "feature_names": [
    "kp",
    "kp_max_window",
    "xray_flux_log10",
    "xray_max_log10_window",
    "proton_flux_log10",
    "wind_speed_km_s",
    "bz_nt"
  ],
  "classes": [
    "BACKGROUND",
    "GEOMAG_MAIN",
    "SEP_EVENT",
    "FLARE_M",
    "FLARE_X"
  ],
  "mean": [
    4.145963411404558,
    5.082267346040403,
    -5.604229362893161,
    -5.2469743607023815,
    0.7200087896741052,
    507.3019937070882,
    -3.076003344528168
  ],
  "std": [
    2.183065522097534,
    2.1147565986957493,
    1.6369441812228398,
    1.546039594712535,
    1.3868371252280431,
    116.7956715406055,
    4.665390619229054
  ],
  "intercept": [
    -0.7109007641852381,
    0.0609280882150322,
    1.7894296652852386,
    1.6814993001627192,
    -2.8209562894777513
  ],
  "coef": [
    [
      -1.0942132027220988,
      -1.5163104620905217,
      -1.9944488312009798,
      -1.8931139494723168,
      -1.608349968072925,
      -0.8646429677636001,
      0.7486251973817092
    ],
    [
      1.5050821656689268,
      1.453493544523158,
      -1.8906593081791585,
      -1.8497686697260365,
      -0.9939703832246763,
      1.13738279831603,
      -0.7119954843588272
    ],
    [
      0.25399956453782907,
      0.4859356595125344,
      -0.9172743695512874,
      -0.0952319836416997,
      2.8649763977366605,
      0.5178975576883711,
      0.11289995774242775
    ],
    [
      -0.8523476612200933,
      -0.6784175484150914,
      1.2297212115557448,
      0.15648678440393254,
      -1.074358462152002,
      -1.0219112665654846,
      0.10878722772200639
    ],
    [
      0.19542397001760364,
      0.2805345607400488,
      3.5530153398961137,
      3.6675860205226183,
      0.8010842739520467,
      0.21039474398048844,
      -0.22733630768525648
    ]
  ],
  "train_accuracy": 0.9776,
  "validation_accuracy": 1.0
}