{
  "model": "logreg-v20",
  "trained_at": "2026-04-28T22:20:29.828574+00:00",
  "n_train": 2012,
  "n_real_samples": 12,
  "n_user_corrected": 0,
  "feature_names": [
    "kp",
    "kp_max_window",
    "xray_flux_log10",
    "xray_max_log10_window",
    "proton_flux_log10",
    "wind_speed_km_s",
    "bz_nt"
  ],
  "classes": [
    "BACKGROUND",
    "GEOMAG_MAIN",
    "SEP_EVENT",
    "FLARE_M",
    "FLARE_X"
  ],
  "mean": [
    4.144896829192129,
    5.080735404019509,
    -5.607226369106113,
    -5.250148929043658,
    0.719493586032258,
    506.72510404818803,
    -3.0771981738797938
  ],
  "std": [
    2.1830469777566646,
    2.1153468317462836,
    1.636869457749499,
    1.5467195410873422,
    1.3866404031636856,
    117.26907713212418,
    4.66118947830021
  ],
  "intercept": [
    -0.7250870735243373,
    0.06019390372332467,
    1.7924721809430542,
    1.691159704683482,
    -2.8187387158255306
  ],
  "coef": [
    [
      -1.0721838751218402,
      -1.3610451246241348,
      -2.0472172091735596,
      -1.9214548915873146,
      -1.471999480580219,
      -1.104576856510432,
      0.5892730058573674
    ],
    [
      1.4967999295382792,
      1.4437964840277613,
      -1.8824432467922885,
      -1.8441115858940555,
      -1.0008964561696012,
      1.1658588617847576,
      -0.6880554001368665
    ],
    [
      0.24667152686452676,
      0.4561519548551734,
      -0.9080343174906969,
      -0.09117018360049711,
      2.8397881830259264,
      0.5699824759196442,
      0.14731855553070033
    ],
    [
      -0.8501288059004215,
      -0.7526267401765283,
      1.2564984560277586,
      0.16674784363544404,
      -1.1410412673530903,
      -0.9231995511261291,
      0.1689552925595755
    ],
    [
      0.18678606090162223,
      0.23895918018785328,
      3.5615503599492246,
      3.6759470195329285,
      0.7635308793160795,
      0.27105593558796287,
      -0.18651086300871791
    ]
  ],
  "train_accuracy": 0.9776,
  "validation_accuracy": 1.0
}