{
  "model": "logreg-v17",
  "trained_at": "2026-04-28T20:49:26.422818+00:00",
  "n_train": 2012,
  "n_real_samples": 12,
  "n_user_corrected": 0,
  "feature_names": [
    "kp",
    "kp_max_window",
    "xray_flux_log10",
    "xray_max_log10_window",
    "proton_flux_log10",
    "wind_speed_km_s",
    "bz_nt"
  ],
  "classes": [
    "BACKGROUND",
    "GEOMAG_MAIN",
    "SEP_EVENT",
    "FLARE_M",
    "FLARE_X"
  ],
  "mean": [
    4.1389326144803995,
    5.074771189307779,
    -5.610113692292966,
    -5.253036252230513,
    0.7199046415686532,
    506.74657522115024,
    -3.090677299128303
  ],
  "std": [
    2.1902529535180926,
    2.125410359500687,
    1.638054662677306,
    1.5486396581941047,
    1.3862018930232969,
    117.24167662325459,
    4.649422620187546
  ],
  "intercept": [
    -0.7003983152812524,
    0.05388698821912626,
    1.7895935015251179,
    1.679515399126855,
    -2.8225975735898516
  ],
  "coef": [
    [
      -1.1226167659828288,
      -1.314586842165263,
      -2.073097518077532,
      -1.914281550677091,
      -1.4201121595722583,
      -1.0297604404799747,
      0.48256581286072203
    ],
    [
      1.5046354179628059,
      1.4453698261724925,
      -1.8775759766888886,
      -1.8412374312143103,
      -1.002866812421666,
      1.1561096738515266,
      -0.6704979015468369
    ],
    [
      0.25811755029028643,
      0.4495261219060738,
      -0.9042961358791379,
      -0.09243412251012499,
      2.8274443251008123,
      0.5551900750994844,
      0.17068242354144006
    ],
    [
      -0.8312032889283985,
      -0.7828540842553331,
      1.2726907980047826,
      0.1597807767250898,
      -1.166347207234543,
      -0.9551348187529465,
      0.20721873854908318
    ],
    [
      0.19901192294030418,
      0.2277807326121586,
      3.562632875161215,
      3.674130529762944,
      0.7512637123667474,
      0.2527163759377213,
      -0.1589884826023509
    ]
  ],
  "train_accuracy": 0.9776,
  "validation_accuracy": 1.0
}