{
  "model": "logreg-v8",
  "trained_at": "2026-04-27T03:45:04.180530+00:00",
  "n_train": 2008,
  "n_real_samples": 8,
  "n_user_corrected": 0,
  "feature_names": [
    "kp",
    "kp_max_window",
    "xray_flux_log10",
    "xray_max_log10_window",
    "proton_flux_log10",
    "wind_speed_km_s",
    "bz_nt"
  ],
  "classes": [
    "BACKGROUND",
    "GEOMAG_MAIN",
    "SEP_EVENT",
    "FLARE_M",
    "FLARE_X"
  ],
  "mean": [
    4.149169532039125,
    5.086872327135086,
    -5.603739211588724,
    -5.2459504618847115,
    0.7225298460482081,
    507.4155923032641,
    -3.0799615168556502
  ],
  "std": [
    2.1831181275575187,
    2.112974692219216,
    1.6382188185638555,
    1.5470743585265692,
    1.3863495564667574,
    116.84805224834655,
    4.670040050820903
  ],
  "intercept": [
    -0.7299637549553616,
    0.061175498237920525,
    1.795737837955634,
    1.6876156860674045,
    -2.814565267305598
  ],
  "coef": [
    [
      -1.0929846611521137,
      -1.4869698600954415,
      -1.9899321140043749,
      -1.8732414676318165,
      -1.5793521699521147,
      -0.8634917131208911,
      0.8048959336166981
    ],
    [
      1.5046884573309252,
      1.452571652270895,
      -1.8894522280543669,
      -1.8497877414907282,
      -0.9963685964660339,
      1.1376645840522062,
      -0.7217873512182683
    ],
    [
      0.25319156103425716,
      0.47880865564342784,
      -0.920314227418422,
      -0.09831192811533408,
      2.859407232792018,
      0.5178754827485806,
      0.10138636622020168
    ],
    [
      -0.8520506019329468,
      -0.6917657546890519,
      1.2261246672157438,
      0.1413453810756748,
      -1.0896901602029887,
      -1.0237528695023719,
      0.08797321555618735
    ],
    [
      0.19510008100204582,
      0.27259106114029713,
      3.5539279447818553,
      3.6659539582487155,
      0.7953855520682154,
      0.21082538147828725,
      -0.24148757337276078
    ]
  ],
  "train_accuracy": 0.9776,
  "validation_accuracy": 1.0
}