{
  "model": "logreg-v19",
  "trained_at": "2026-04-29T01:49:53.172860+00:00",
  "n_train": 2012,
  "n_real_samples": 12,
  "n_user_corrected": 0,
  "feature_names": [
    "kp",
    "kp_max_window",
    "xray_flux_log10",
    "xray_max_log10_window",
    "proton_flux_log10",
    "wind_speed_km_s",
    "bz_nt"
  ],
  "classes": [
    "BACKGROUND",
    "GEOMAG_MAIN",
    "SEP_EVENT",
    "FLARE_M",
    "FLARE_X"
  ],
  "mean": [
    4.144896829192129,
    5.080735404019509,
    -5.606894011541262,
    -5.249816571478808,
    0.719570289262089,
    506.6290801913292,
    -3.0762438995259167
  ],
  "std": [
    2.1830469777566646,
    2.1153468317462836,
    1.6367874565131584,
    1.5465560255258228,
    1.38655704607054,
    117.3995488064854,
    4.662267597022428
  ],
  "intercept": [
    -0.7386524798042633,
    0.06063080018329682,
    1.7934392241720374,
    1.7017772087520888,
    -2.817194753303155
  ],
  "coef": [
    [
      -1.0646432690109804,
      -1.3636095265309705,
      -2.04142247802207,
      -1.917455902435405,
      -1.4733821195284749,
      -1.1465588975530208,
      0.6016456661534463
    ],
    [
      1.49612077190649,
      1.4439053269897075,
      -1.8823430787652282,
      -1.8436506872587666,
      -1.0001307286557384,
      1.1716314659528502,
      -0.6905527469931866
    ],
    [
      0.24439559990349535,
      0.45619657560362403,
      -0.908286883727043,
      -0.09165467154281798,
      2.8402390808931752,
      0.5786709962558017,
      0.14464135987302998
    ],
    [
      -0.8525567037895675,
      -0.7508230790038364,
      1.251353437639523,
      0.1635449020483551,
      -1.1410226828127112,
      -0.9063465685735658,
      0.16479161107365597
    ],
    [
      0.18462843727272824,
      0.23956645721160386,
      3.561053045395251,
      3.675174561275143,
      0.7636783083428438,
      0.28172386957373874,
      -0.18954529930488712
    ]
  ],
  "train_accuracy": 0.9776,
  "validation_accuracy": 1.0
}