{
  "model": "logreg-v15",
  "trained_at": "2026-04-28T20:10:52.451873+00:00",
  "n_train": 2011,
  "n_real_samples": 11,
  "n_user_corrected": 0,
  "feature_names": [
    "kp",
    "kp_max_window",
    "xray_flux_log10",
    "xray_max_log10_window",
    "proton_flux_log10",
    "wind_speed_km_s",
    "bz_nt"
  ],
  "classes": [
    "BACKGROUND",
    "GEOMAG_MAIN",
    "SEP_EVENT",
    "FLARE_M",
    "FLARE_X"
  ],
  "mean": [
    4.140493495939614,
    5.076797430575461,
    -5.605781189605177,
    -5.248526187414398,
    0.7202787465140023,
    506.7730528816282,
    -3.0813638616838115
  ],
  "std": [
    2.189678411585412,
    2.123995044924388,
    1.6370076399978744,
    1.5464653197216542,
    1.3865387565459988,
    117.28550661826364,
    4.6591949270436075
  ],
  "intercept": [
    -0.7861499784591566,
    0.061531441796762766,
    1.797057206141067,
    1.7358989242345135,
    -2.808337593713189
  ],
  "coef": [
    [
      -1.1508174170485885,
      -1.4535345476277062,
      -2.0286040332757405,
      -1.8981067802079177,
      -1.4688538681907113,
      -1.0945120407148428,
      0.5609717140843353
    ],
    [
      1.5114873416872263,
      1.4547322890764576,
      -1.8794233748176925,
      -1.8392614965481846,
      -0.9962509135967216,
      1.1651235246920324,
      -0.6855520753247722
    ],
    [
      0.26239612180080596,
      0.4755609009621405,
      -0.9051832500849909,
      -0.09364523223096569,
      2.8383281142099825,
      0.5649945835089211,
      0.15428763840075158
    ],
    [
      -0.8215499718408271,
      -0.7168626265750131,
      1.2331378288947827,
      0.14640759553225888,
      -1.1466779333701105,
      -0.9246073556054059,
      0.1794550659780558
    ],
    [
      0.20642876168354818,
      0.26533973843424924,
      3.560426871804082,
      3.670564115541317,
      0.7628364591866701,
      0.26812215377510296,
      -0.17818175233631223
    ]
  ],
  "train_accuracy": 0.9776,
  "validation_accuracy": 1.0
}