{
  "model": "logreg-v2",
  "trained_at": "2026-04-26T21:57:56.382943+00:00",
  "n_train": 2000,
  "n_real_samples": 0,
  "n_user_corrected": 0,
  "feature_names": [
    "kp",
    "kp_max_window",
    "xray_flux_log10",
    "xray_max_log10_window",
    "proton_flux_log10",
    "wind_speed_km_s",
    "bz_nt"
  ],
  "classes": [
    "BACKGROUND",
    "GEOMAG_MAIN",
    "SEP_EVENT",
    "FLARE_M",
    "FLARE_X"
  ],
  "mean": [
    4.157766210167282,
    5.099219816443626,
    -5.604637101975042,
    -5.2454171972722134,
    0.7285732392427718,
    507.6336546724772,
    -3.1083213629230726
  ],
  "std": [
    2.183235936934235,
    2.108139728436038,
    1.6414303467077533,
    1.5501423966641756,
    1.3858159257849176,
    117.03053376395275,
    4.6577501730412125
  ],
  "intercept": [
    -0.7224549862301485,
    0.06020569240241357,
    1.8138321953423409,
    1.6476832271202582,
    -2.7992661286348706
  ],
  "coef": [
    [
      -1.1076314277757555,
      -1.2601659946228472,
      -2.081765611331501,
      -1.8997420511760184,
      -1.416505784752188,
      -1.012741478299369,
      0.48505114417569933
    ],
    [
      1.4985060501124705,
      1.4413850048474128,
      -1.8824071108891527,
      -1.8491896187319183,
      -1.0097953982197172,
      1.1530909068555353,
      -0.6720538789209293
    ],
    [
      0.2547972400185809,
      0.43530952883663643,
      -0.9087681808915874,
      -0.09734871384903127,
      2.8292390249934907,
      0.5517265969727617,
      0.17075273663745216
    ],
    [
      -0.8336478286708431,
      -0.8034975972477063,
      1.278152784851735,
      0.14866901656935413,
      -1.1687763058442058,
      -0.9620297275998984,
      0.207241436460598
    ],
    [
      0.19592080259771366,
      0.21220481245663006,
      3.5751421607809406,
      3.683569569274119,
      0.7552203220617171,
      0.2490745677267766,
      -0.16001084755076184
    ]
  ],
  "train_accuracy": 0.9775,
  "validation_accuracy": 1.0
}