{
  "model": "logreg-v24",
  "trained_at": "2026-04-28T23:07:51.418494+00:00",
  "n_train": 2012,
  "n_real_samples": 12,
  "n_user_corrected": 0,
  "feature_names": [
    "kp",
    "kp_max_window",
    "xray_flux_log10",
    "xray_max_log10_window",
    "proton_flux_log10",
    "wind_speed_km_s",
    "bz_nt"
  ],
  "classes": [
    "BACKGROUND",
    "GEOMAG_MAIN",
    "SEP_EVENT",
    "FLARE_M",
    "FLARE_X"
  ],
  "mean": [
    4.144896829192129,
    5.080735404019509,
    -5.606187712879837,
    -5.249110272817383,
    0.7194820132846517,
    506.7322611058421,
    -3.0802995655298933
  ],
  "std": [
    2.1830469777566646,
    2.1153468317462836,
    1.636650533874029,
    1.5462480155801905,
    1.3866530407852626,
    117.25987153440816,
    4.657908907593267
  ],
  "intercept": [
    -0.7350104948301548,
    0.06165911846162614,
    1.7914056744583453,
    1.7014114109661076,
    -2.819465709055924
  ],
  "coef": [
    [
      -1.0673922726366956,
      -1.40712248021488,
      -2.0259653121945136,
      -1.9129515754375235,
      -1.5084597061783127,
      -1.1439712759764908,
      0.5944997980316358
    ],
    [
      1.497925079182841,
      1.4464191876379981,
      -1.8849952404190373,
      -1.8453084740766619,
      -0.9982277465045086,
      1.1708647815362334,
      -0.6885468100920807
    ],
    [
      0.24527893101638376,
      0.4645135273434351,
      -0.9098058843078286,
      -0.0928452722303994,
      2.846665215068461,
      0.577088477603262,
      0.1460941311419543
    ],
    [
      -0.853770508716858,
      -0.7296595244547561,
      1.2426139042060649,
      0.1636345682533996,
      -1.1233302051768357,
      -0.9056309764894475,
      0.16663212003166863
    ],
    [
      0.18590360743649723,
      0.2510850439583291,
      3.55850657523575,
      3.6734289555776884,
      0.7727343010302936,
      0.28076985898225226,
      -0.18769864831111954
    ]
  ],
  "train_accuracy": 0.9776,
  "validation_accuracy": 1.0
}