{
  "model": "logreg-v19",
  "trained_at": "2026-04-28T22:19:43.069231+00:00",
  "n_train": 2012,
  "n_real_samples": 12,
  "n_user_corrected": 0,
  "feature_names": [
    "kp",
    "kp_max_window",
    "xray_flux_log10",
    "xray_max_log10_window",
    "proton_flux_log10",
    "wind_speed_km_s",
    "bz_nt"
  ],
  "classes": [
    "BACKGROUND",
    "GEOMAG_MAIN",
    "SEP_EVENT",
    "FLARE_M",
    "FLARE_X"
  ],
  "mean": [
    4.144896829192129,
    5.080735404019509,
    -5.607200564002923,
    -5.25012312394047,
    0.719493586032258,
    506.7173505690628,
    -3.078033163939436
  ],
  "std": [
    2.1830469777566646,
    2.1153468317462836,
    1.6368626883752948,
    1.5467064197264855,
    1.3866404031636856,
    117.27913119388745,
    4.660272635392844
  ],
  "intercept": [
    -0.7250040984968271,
    0.06022984170970738,
    1.792300349828727,
    1.6913964788144482,
    -2.818922571856057
  ],
  "coef": [
    [
      -1.0721671586030421,
      -1.3627679203486494,
      -2.046400725358286,
      -1.9211947550992685,
      -1.473211737086581,
      -1.1091578269092073,
      0.584212322764733
    ],
    [
      1.4968608704470117,
      1.443912065910453,
      -1.8825764292713614,
      -1.844181700065047,
      -1.000800604809931,
      1.166450314679568,
      -0.6871593446676025
    ],
    [
      0.24664389414968463,
      0.4564706543979943,
      -0.9080405609276968,
      -0.09129047805132401,
      2.8399904016149016,
      0.5709236787867511,
      0.1484001844394782
    ],
    [
      -0.850177912955267,
      -0.751783443809235,
      1.2559647297314398,
      0.16676315253801025,
      -1.14041635891747,
      -0.9213081006236522,
      0.1707329377844782
    ],
    [
      0.1867851432437805,
      0.2394043981195653,
      3.5614070283463364,
      3.675861982764141,
      0.7638201574381768,
      0.27221279972234647,
      -0.1852055095190291
    ]
  ],
  "train_accuracy": 0.9776,
  "validation_accuracy": 1.0
}