{
  "model": "logreg-v20",
  "trained_at": "2026-05-18T23:01:35.676799+00:00",
  "n_train": 2012,
  "n_real_samples": 12,
  "n_user_corrected": 0,
  "feature_names": [
    "kp",
    "kp_max_window",
    "xray_flux_log10",
    "xray_max_log10_window",
    "proton_flux_log10",
    "wind_speed_km_s",
    "bz_nt"
  ],
  "classes": [
    "BACKGROUND",
    "GEOMAG_MAIN",
    "SEP_EVENT",
    "FLARE_M",
    "FLARE_X"
  ],
  "mean": [
    4.150861043903859,
    5.086699618731238,
    -5.609327465614188,
    -5.252250025551734,
    0.7198430880794707,
    507.7074102112099,
    -3.0650311758678654
  ],
  "std": [
    2.1785402221440595,
    2.1080494601869386,
    1.6376479544899252,
    1.5480281161006706,
    1.3862662733055402,
    116.68489930229342,
    4.677348100415282
  ],
  "intercept": [
    -0.6556865587230907,
    0.05610907531185,
    1.7942870213110889,
    1.6276820165006565,
    -2.8223915544005043
  ],
  "coef": [
    [
      -1.0718486728874395,
      -1.2951841624286222,
      -2.0818956658740837,
      -1.9388919334654395,
      -1.4539560635377076,
      -0.9049251636243812,
      0.6064887963118712
    ],
    [
      1.4948515835622795,
      1.4433177641775594,
      -1.8817422589421973,
      -1.844903660159433,
      -1.0033821772334635,
      1.1364561959771458,
      -0.6946999064897339
    ],
    [
      0.2489908576380734,
      0.44370275839171525,
      -0.9085595126618891,
      -0.08835333299244247,
      2.836432547995904,
      0.5294659923587375,
      0.1440102748420621
    ],
    [
      -0.8514766950119342,
      -0.7863225567603793,
      1.2880858549036578,
      0.17842123832835005,
      -1.1500359124265187,
      -1.0042321259872036,
      0.16562900930907892
    ],
    [
      0.18742776298118702,
      0.21972195088985172,
      3.564465625094948,
      3.679685890375476,
      0.760323463440887,
      0.22235596693150642,
      -0.1904475831712216
    ]
  ],
  "train_accuracy": 0.9776,
  "validation_accuracy": 1.0
}