{
  "model": "logreg-v22",
  "trained_at": "2026-04-28T22:55:03.442282+00:00",
  "n_train": 2012,
  "n_real_samples": 12,
  "n_user_corrected": 0,
  "feature_names": [
    "kp",
    "kp_max_window",
    "xray_flux_log10",
    "xray_max_log10_window",
    "proton_flux_log10",
    "wind_speed_km_s",
    "bz_nt"
  ],
  "classes": [
    "BACKGROUND",
    "GEOMAG_MAIN",
    "SEP_EVENT",
    "FLARE_M",
    "FLARE_X"
  ],
  "mean": [
    4.144896829192129,
    5.080735404019509,
    -5.605340937015801,
    -5.2482634969533475,
    0.7198220558810994,
    506.7125791972934,
    -3.0851902215935114
  ],
  "std": [
    2.1830469777566646,
    2.1153468317462836,
    1.636553329906453,
    1.5459495555055345,
    1.3862883751178967,
    117.28536034149741,
    4.653431008741184
  ],
  "intercept": [
    -0.7388707957759985,
    0.061623344521810904,
    1.7890498689434575,
    1.7099346479897144,
    -2.8217370656789824
  ],
  "coef": [
    [
      -1.0682971596401423,
      -1.4566126111158018,
      -2.0028829872783196,
      -1.9009042580379012,
      -1.5345613984968998,
      -1.2035007118218317,
      0.5593325682096715
    ],
    [
      1.499840480977725,
      1.4496328342643585,
      -1.8875538047164464,
      -1.8463706584316515,
      -0.995733881924014,
      1.1782084552320105,
      -0.682998668521488
    ],
    [
      0.24505675186713752,
      0.4736364823939718,
      -0.9118984591190882,
      -0.09574656401291513,
      2.850828397071614,
      0.5884085141519795,
      0.15380614069799425
    ],
    [
      -0.8551470499717337,
      -0.7055159153375891,
      1.2282825032044373,
      0.15913014926699995,
      -1.110393999179415,
      -0.8796573824050966,
      0.17930610095112506
    ],
    [
      0.1864918130491812,
      0.2640949640651879,
      3.5544067904298555,
      3.669849533301972,
      0.7792427407678165,
      0.295661990498749,
      -0.17846555053524424
    ]
  ],
  "train_accuracy": 0.9776,
  "validation_accuracy": 1.0
}