{
  "model": "logreg-v9",
  "trained_at": "2026-04-27T03:46:10.285711+00:00",
  "n_train": 2008,
  "n_real_samples": 8,
  "n_user_corrected": 0,
  "feature_names": [
    "kp",
    "kp_max_window",
    "xray_flux_log10",
    "xray_max_log10_window",
    "proton_flux_log10",
    "wind_speed_km_s",
    "bz_nt"
  ],
  "classes": [
    "BACKGROUND",
    "GEOMAG_MAIN",
    "SEP_EVENT",
    "FLARE_M",
    "FLARE_X"
  ],
  "mean": [
    4.149169532039125,
    5.086872327135086,
    -5.603907231112556,
    -5.246118481408543,
    0.7225298460482081,
    507.4155923032641,
    -3.0799615168556502
  ],
  "std": [
    2.1831181275575187,
    2.112974692219216,
    1.6381979500595374,
    1.5470911181580829,
    1.3863495564667574,
    116.84805224834655,
    4.670040050820903
  ],
  "intercept": [
    -0.7269374232551765,
    0.06132820279145291,
    1.7958896675894405,
    1.6842260616269134,
    -2.814506508752625
  ],
  "coef": [
    [
      -1.092907151247996,
      -1.4764478688466975,
      -1.9967626572696417,
      -1.8793887143207886,
      -1.5697367877789996,
      -0.8677612718866519,
      0.7930388501578151
    ],
    [
      1.5041359975404867,
      1.4518013411516832,
      -1.8890587156840775,
      -1.849585981575275,
      -0.9971318836037907,
      1.1379958426033339,
      -0.7197756090984313
    ],
    [
      0.2532324214805884,
      0.47701232671378374,
      -0.9194244935281403,
      -0.09741187002698001,
      2.8577314337387443,
      0.5189947508328993,
      0.10391063150504819
    ],
    [
      -0.8514443301221807,
      -0.6969450201184177,
      1.2303053659627234,
      0.14476391038588113,
      -1.0941517444866116,
      -1.0219288098880412,
      0.092379204524946
    ],
    [
      0.19492789863127172,
      0.2698149753697739,
      3.555294543039573,
      3.6675808576236677,
      0.7926708403697612,
      0.21182035399426874,
      -0.23857248628731884
    ]
  ],
  "train_accuracy": 0.9776,
  "validation_accuracy": 1.0
}