{
  "model": "logreg-v14",
  "trained_at": "2026-04-28T20:04:38.170831+00:00",
  "n_train": 2011,
  "n_real_samples": 11,
  "n_user_corrected": 0,
  "feature_names": [
    "kp",
    "kp_max_window",
    "xray_flux_log10",
    "xray_max_log10_window",
    "proton_flux_log10",
    "wind_speed_km_s",
    "bz_nt"
  ],
  "classes": [
    "BACKGROUND",
    "GEOMAG_MAIN",
    "SEP_EVENT",
    "FLARE_M",
    "FLARE_X"
  ],
  "mean": [
    4.140493495939614,
    5.076797430575461,
    -5.605611933870099,
    -5.248356931679319,
    0.7200969129008333,
    506.79219758575545,
    -3.081746755766358
  ],
  "std": [
    2.189678411585412,
    2.123995044924388,
    1.6369877233104908,
    1.546405135481527,
    1.3867386839992677,
    117.26024663987744,
    4.658794974854409
  ],
  "intercept": [
    -0.7902975529386328,
    0.062157002921537405,
    1.7972384413650764,
    1.7389484009644656,
    -2.8080462923124485
  ],
  "coef": [
    [
      -1.1543329897808248,
      -1.4646952295657374,
      -2.0245032561742162,
      -1.8951726737075592,
      -1.4797608716006265,
      -1.091073490858381,
      0.5610522323819768
    ],
    [
      1.512336244438826,
      1.455623066459354,
      -1.8797654761120308,
      -1.8394052042614404,
      -0.9954721064905441,
      1.1646944371075474,
      -0.6855903046454597
    ],
    [
      0.2630693922149653,
      0.4776681071578251,
      -0.9051952942793554,
      -0.0940129332424446,
      2.8405440877991137,
      0.5639177098784693,
      0.1542940055933697
    ],
    [
      -0.8205003998064219,
      -0.7117226535916462,
      1.2300013389037776,
      0.14477054197505446,
      -1.1417125278837101,
      -0.9256087785176252,
      0.17934560853928683
    ],
    [
      0.20737258921562313,
      0.2683624638103345,
      3.5598167301822565,
      3.6697784713229002,
      0.7657832764148657,
      0.26719098804579694,
      -0.17812095106711495
    ]
  ],
  "train_accuracy": 0.9776,
  "validation_accuracy": 1.0
}