{
  "model": "logreg-v18",
  "trained_at": "2026-04-29T01:30:05.232543+00:00",
  "n_train": 2012,
  "n_real_samples": 12,
  "n_user_corrected": 0,
  "feature_names": [
    "kp",
    "kp_max_window",
    "xray_flux_log10",
    "xray_max_log10_window",
    "proton_flux_log10",
    "wind_speed_km_s",
    "bz_nt"
  ],
  "classes": [
    "BACKGROUND",
    "GEOMAG_MAIN",
    "SEP_EVENT",
    "FLARE_M",
    "FLARE_X"
  ],
  "mean": [
    4.144896829192129,
    5.080735404019509,
    -5.606777832411551,
    -5.249700392349097,
    0.7199096197719416,
    506.62311597661744,
    -3.074931772289337
  ],
  "std": [
    2.1830469777566646,
    2.1153468317462836,
    1.6367614754343267,
    1.5465017038027853,
    1.386196705980543,
    117.40807959666022,
    4.663802739935233
  ],
  "intercept": [
    -0.7411292064744056,
    0.06053738061331795,
    1.79380479550427,
    1.7033502607459625,
    -2.8165632303891464
  ],
  "coef": [
    [
      -1.0633500529510906,
      -1.366172408395375,
      -2.0407467991534802,
      -1.9179531595663177,
      -1.4659051585289247,
      -1.1527185550579786,
      0.6155262660688708
    ],
    [
      1.4960018973683074,
      1.4439704392991295,
      -1.8822074690759238,
      -1.843367920177617,
      -1.0003124097429636,
      1.1724072672036892,
      -0.6929782367241442
    ],
    [
      0.24408415456766694,
      0.45667705610366793,
      -0.90874183440924,
      -0.09154540884435634,
      2.8386128388009513,
      0.5799184116756594,
      0.14167998570235799
    ],
    [
      -0.8530994521546047,
      -0.7494589210549568,
      1.250879250750284,
      0.1635072865234805,
      -1.144581172971304,
      -0.9037367956780867,
      0.1598636530612853
    ],
    [
      0.1843082894518873,
      0.2402195883176594,
      3.561170894408785,
      3.675317404151314,
      0.7615677606813299,
      0.28325053751252605,
      -0.19311107730631175
    ]
  ],
  "train_accuracy": 0.9776,
  "validation_accuracy": 1.0
}