{
  "model": "logreg-v23",
  "trained_at": "2026-05-18T23:31:26.621303+00:00",
  "n_train": 2012,
  "n_real_samples": 12,
  "n_user_corrected": 0,
  "feature_names": [
    "kp",
    "kp_max_window",
    "xray_flux_log10",
    "xray_max_log10_window",
    "proton_flux_log10",
    "wind_speed_km_s",
    "bz_nt"
  ],
  "classes": [
    "BACKGROUND",
    "GEOMAG_MAIN",
    "SEP_EVENT",
    "FLARE_M",
    "FLARE_X"
  ],
  "mean": [
    4.150861043903859,
    5.086699618731238,
    -5.608950586126787,
    -5.251873146064334,
    0.7194613431924508,
    507.7109887400369,
    -3.0789277961461954
  ],
  "std": [
    2.1785402221440595,
    2.1080494601869386,
    1.6374752706290532,
    1.5477584879398016,
    1.3866756526145754,
    116.68528544024572,
    4.659317778876763
  ],
  "intercept": [
    -0.6317809312315608,
    0.05210709451144476,
    1.79114120560231,
    1.6135409268023793,
    -2.8250082956845746
  ],
  "coef": [
    [
      -1.069010949180493,
      -1.3136659949853866,
      -2.0796948882004727,
      -1.9463802277894802,
      -1.480132290744957,
      -0.8753590060262529,
      0.5763108723350631
    ],
    [
      1.4964806085026483,
      1.4472923496317975,
      -1.8840597268706687,
      -1.8461520320373757,
      -1.000351706288817,
      1.1329123478413006,
      -0.6876939164830216
    ],
    [
      0.24929872615157303,
      0.4473758646567584,
      -0.9095667947784277,
      -0.0882604105858486,
      2.841360375504521,
      0.5241979936940723,
      0.14981584105198517
    ],
    [
      -0.8557951062523074,
      -0.7792600325448658,
      1.2896829724381667,
      0.18597239074941008,
      -1.1379189196113821,
      -1.0178186357565688,
      0.1754108127308487
    ],
    [
      0.18697155706074453,
      0.22349356751182323,
      3.5639924799318345,
      3.6807784817498006,
      0.7664243993797318,
      0.2151881659032512,
      -0.1828630188328187
    ]
  ],
  "train_accuracy": 0.9776,
  "validation_accuracy": 1.0
}