{
  "model": "logreg-v22",
  "trained_at": "2026-05-18T23:22:26.032827+00:00",
  "n_train": 2012,
  "n_real_samples": 12,
  "n_user_corrected": 0,
  "feature_names": [
    "kp",
    "kp_max_window",
    "xray_flux_log10",
    "xray_max_log10_window",
    "proton_flux_log10",
    "wind_speed_km_s",
    "bz_nt"
  ],
  "classes": [
    "BACKGROUND",
    "GEOMAG_MAIN",
    "SEP_EVENT",
    "FLARE_M",
    "FLARE_X"
  ],
  "mean": [
    4.144896829192129,
    5.080735404019509,
    -5.609209908708849,
    -5.252132468646394,
    0.7199730961198327,
    507.69071041001706,
    -3.0776156689096146
  ],
  "std": [
    2.1830469777566646,
    2.1153468317462836,
    1.637592541274515,
    1.547942377090775,
    1.3861308262827343,
    116.68333916260325,
    4.660727962888843
  ],
  "intercept": [
    -0.6688408627135957,
    0.058201636890829425,
    1.7922896846937197,
    1.6407638298138523,
    -2.8224142886848056
  ],
  "coef": [
    [
      -1.11204744842989,
      -1.3296833691031218,
      -2.078136674993011,
      -1.9313051980289773,
      -1.4438022049090553,
      -0.9031540414085493,
      0.5444766983870357
    ],
    [
      1.5012507631753957,
      1.444728850064347,
      -1.880964994052537,
      -1.844467609523487,
      -1.0043413593690957,
      1.1371307889693165,
      -0.6807681500811902
    ],
    [
      0.2576302011407502,
      0.4520058204750982,
      -0.9068690699614279,
      -0.08976176828096288,
      2.8331765884160536,
      0.528231502142263,
      0.1571874173962966
    ],
    [
      -0.836377502367511,
      -0.7724308436164202,
      1.2824947799134767,
      0.17381779781644935,
      -1.1534501352403714,
      -1.0043138432598233,
      0.18526976265527068
    ],
    [
      0.1974888227634174,
      0.2306152964502221,
      3.5638300016139333,
      3.6776749801034834,
      0.757798969341556,
      0.22122645921260134,
      -0.17518513755535486
    ]
  ],
  "train_accuracy": 0.9776,
  "validation_accuracy": 1.0
}