{
  "model": "logreg-v23",
  "trained_at": "2026-04-28T23:04:19.169443+00:00",
  "n_train": 2012,
  "n_real_samples": 12,
  "n_user_corrected": 0,
  "feature_names": [
    "kp",
    "kp_max_window",
    "xray_flux_log10",
    "xray_max_log10_window",
    "proton_flux_log10",
    "wind_speed_km_s",
    "bz_nt"
  ],
  "classes": [
    "BACKGROUND",
    "GEOMAG_MAIN",
    "SEP_EVENT",
    "FLARE_M",
    "FLARE_X"
  ],
  "mean": [
    4.144896829192129,
    5.080735404019509,
    -5.60567230061804,
    -5.248594860555586,
    0.7195481513047451,
    506.6547263145896,
    -3.082029187796295
  ],
  "std": [
    2.1830469777566646,
    2.1153468317462836,
    1.6365826724322678,
    1.5460571513301304,
    1.3865810323707262,
    117.36343496556665,
    4.656227902719342
  ],
  "intercept": [
    -0.7493606336070608,
    0.06221352947149582,
    1.7916711532975156,
    1.7143691457335546,
    -2.818893194895504
  ],
  "coef": [
    [
      -1.061082508576516,
      -1.424222280277927,
      -2.0126227394652494,
      -1.9037130289244597,
      -1.5221579688527982,
      -1.2056519671176207,
      0.584777408729559
    ],
    [
      1.498056698707083,
      1.447640135426946,
      -1.8857916670297852,
      -1.8453519338116036,
      -0.9965175667815712,
      1.1788752398161793,
      -0.6874446387419568
    ],
    [
      0.2430758548271225,
      0.4672223405000995,
      -0.9104912255413015,
      -0.09451929397128288,
      2.8492502887775144,
      0.5894115647093012,
      0.14822563224011456
    ],
    [
      -0.8562445605737317,
      -0.7209320254103759,
      1.2327564206048596,
      0.1583345243220238,
      -1.1173383731690902,
      -0.8798714318921358,
      0.17037646828422798
    ],
    [
      0.18413935189820763,
      0.2555275840313876,
      3.5565032539519112,
      3.671207934471829,
      0.7761454782650525,
      0.29635746014008413,
      -0.18495427970988576
    ]
  ],
  "train_accuracy": 0.9776,
  "validation_accuracy": 1.0
}