{
  "model": "logreg-v21",
  "trained_at": "2026-04-29T18:22:56.992449+00:00",
  "n_train": 2012,
  "n_real_samples": 12,
  "n_user_corrected": 0,
  "feature_names": [
    "kp",
    "kp_max_window",
    "xray_flux_log10",
    "xray_max_log10_window",
    "proton_flux_log10",
    "wind_speed_km_s",
    "bz_nt"
  ],
  "classes": [
    "BACKGROUND",
    "GEOMAG_MAIN",
    "SEP_EVENT",
    "FLARE_M",
    "FLARE_X"
  ],
  "mean": [
    4.144896829192129,
    5.080735404019509,
    -5.606957864779145,
    -5.24988042471669,
    0.7193521334564531,
    506.5097958970946,
    -3.077675311056732
  ],
  "std": [
    2.1830469777566646,
    2.1153468317462836,
    1.636802338198665,
    1.5465865180213738,
    1.3867961312140797,
    117.57962764202874,
    4.660662537209173
  ],
  "intercept": [
    -0.74614007770258,
    0.06054255827819912,
    1.7938913588495282,
    1.7082536301266107,
    -2.8165474695517565
  ],
  "coef": [
    [
      -1.0605967316889866,
      -1.3532296835651672,
      -2.040773725619125,
      -1.9141574759429214,
      -1.4727422598952746,
      -1.1824064977808715,
      0.5828862630248299
    ],
    [
      1.4954495302261677,
      1.4434909903227129,
      -1.88184531280769,
      -1.8431917137921108,
      -0.9997504037617857,
      1.1768332572887599,
      -0.6878587843439361
    ],
    [
      0.24292795751774343,
      0.4538833093520917,
      -0.9075863535502824,
      -0.09220064071866399,
      2.8403860287352938,
      0.5865612697089992,
      0.14869112607552729
    ],
    [
      -0.8530761922091755,
      -0.7556763765001622,
      1.249651271376061,
      0.16088305498837846,
      -1.1420231812991513,
      -0.8928993102038084,
      0.1718524920721866
    ],
    [
      0.18324027243641758,
      0.2367675146606539,
      3.5609081631214683,
      3.674624977551818,
      0.7635116744600079,
      0.2910321466427272,
      -0.1845905060265508
    ]
  ],
  "train_accuracy": 0.9776,
  "validation_accuracy": 1.0
}