{
  "model": "logreg-v4",
  "trained_at": "2026-04-26T23:52:09.721057+00:00",
  "n_train": 2019,
  "n_real_samples": 19,
  "n_user_corrected": 0,
  "feature_names": [
    "kp",
    "kp_max_window",
    "xray_flux_log10",
    "xray_max_log10_window",
    "proton_flux_log10",
    "wind_speed_km_s",
    "bz_nt"
  ],
  "classes": [
    "BACKGROUND",
    "GEOMAG_MAIN",
    "SEP_EVENT",
    "FLARE_M",
    "FLARE_X"
  ],
  "mean": [
    4.138450926366797,
    5.071044889988733,
    -5.603781183625419,
    -5.2479417535087,
    0.7146003394165233,
    507.1562205769957,
    -3.08345850710557
  ],
  "std": [
    2.1821597718896997,
    2.118224971136667,
    1.6337122715750318,
    1.5430486766380591,
    1.386710005756931,
    116.58152051594419,
    4.642796760834662
  ],
  "intercept": [
    -0.5856880085851244,
    0.05059200750035186,
    1.7587200732139694,
    1.6280068673167243,
    -2.8516309394459225
  ],
  "coef": [
    [
      -1.114945112354073,
      -1.7104026366894942,
      -1.9594361691283038,
      -1.9156403847424763,
      -1.7540060552491499,
      -0.766131401518071,
      0.5047330247176595
    ],
    [
      1.5132875789290388,
      1.4641670667217301,
      -1.9026296024497438,
      -1.8560696144787217,
      -0.9843773572575624,
      1.1259806802387062,
      -0.669467852316145
    ],
    [
      0.26286449442015725,
      0.5277321899753472,
      -0.9202590057205463,
      -0.09639352571162839,
      2.889954293054963,
      0.49781057043697746,
      0.1650194687639983
    ],
    [
      -0.8567300133559753,
      -0.5886366683953863,
      1.2244302494041264,
      0.19207598980282373,
      -0.9981958326546532,
      -1.0630130128100528,
      0.19607127030518146
    ],
    [
      0.20346788864302015,
      0.3323758026579265,
      3.5382485704149054,
      3.661985737216507,
      0.8360068103455013,
      0.18447402930824916,
      -0.16537532066863664
    ]
  ],
  "train_accuracy": 0.9782,
  "validation_accuracy": 0.95
}