{
  "model": "logreg-v7",
  "trained_at": "2026-04-27T02:46:37.832729+00:00",
  "n_train": 2008,
  "n_real_samples": 8,
  "n_user_corrected": 0,
  "feature_names": [
    "kp",
    "kp_max_window",
    "xray_flux_log10",
    "xray_max_log10_window",
    "proton_flux_log10",
    "wind_speed_km_s",
    "bz_nt"
  ],
  "classes": [
    "BACKGROUND",
    "GEOMAG_MAIN",
    "SEP_EVENT",
    "FLARE_M",
    "FLARE_X"
  ],
  "mean": [
    4.153153595784145,
    5.090856390880106,
    -5.603945444930992,
    -5.246156695226979,
    0.7226778454756196,
    507.41160823951907,
    -3.075539206098678
  ],
  "std": [
    2.1801027712065193,
    2.108087675760166,
    1.6381938051027236,
    1.5470955666441344,
    1.3861902320053312,
    116.84992798291736,
    4.677271780701238
  ],
  "intercept": [
    -0.6710756359864078,
    0.05899467674179245,
    1.7935878297739418,
    1.6406841410590463,
    -2.8221910115883744
  ],
  "coef": [
    [
      -0.966926086430351,
      -1.3579582120855687,
      -2.0025132046687917,
      -1.8934009250820762,
      -1.5919412975008964,
      -0.9132820571870428,
      0.9103987931733114
    ],
    [
      1.4872057367435663,
      1.4403120736304402,
      -1.8947090286844752,
      -1.8572664296001982,
      -1.0020657424803456,
      1.1438833254530245,
      -0.7349548655500246
    ],
    [
      0.22813480444534823,
      0.45218624076024494,
      -0.927781037756211,
      -0.09683092370020213,
      2.864027542776916,
      0.5321510921823317,
      0.0788749031973577
    ],
    [
      -0.9037640200615281,
      -0.7455407060440659,
      1.2498269075375612,
      0.16127796382193943,
      -1.0799297565861739,
      -1.007602989674314,
      0.0469751744792596
    ],
    [
      0.16329440158512984,
      0.23623635800907672,
      3.5555304060923505,
      3.6721785166470466,
      0.7992911120295985,
      0.22397149488180557,
      -0.27031341449784585
    ]
  ],
  "train_accuracy": 0.9776,
  "validation_accuracy": 1.0
}