{
  "model": "logreg-v18",
  "trained_at": "2026-04-28T21:51:23.442691+00:00",
  "n_train": 2012,
  "n_real_samples": 12,
  "n_user_corrected": 0,
  "feature_names": [
    "kp",
    "kp_max_window",
    "xray_flux_log10",
    "xray_max_log10_window",
    "proton_flux_log10",
    "wind_speed_km_s",
    "bz_nt"
  ],
  "classes": [
    "BACKGROUND",
    "GEOMAG_MAIN",
    "SEP_EVENT",
    "FLARE_M",
    "FLARE_X"
  ],
  "mean": [
    4.144896829192129,
    5.080735404019509,
    -5.606965480118406,
    -5.249888040055952,
    0.7191870085140122,
    506.74180384938086,
    -3.0727945953509668
  ],
  "std": [
    2.1830469777566646,
    2.1153468317462836,
    1.6368041407359084,
    1.5465901839384517,
    1.3869805857200506,
    117.24770954570349,
    4.666436772505253
  ],
  "intercept": [
    -0.7344732737458124,
    0.06088729712504493,
    1.7937063763718055,
    1.6969812011327237,
    -2.817101600883765
  ],
  "coef": [
    [
      -1.0674067320219458,
      -1.3618823436916911,
      -2.0443482034843345,
      -1.9187991453106386,
      -1.4820155813758233,
      -1.0987787866032896,
      0.6255439329324182
    ],
    [
      1.4963897594567352,
      1.4437359064067594,
      -1.8823470913769118,
      -1.8439974615165171,
      -1.0002441118817063,
      1.1652747013853497,
      -0.6944873455538415
    ],
    [
      0.24541129639817874,
      0.4560330363063973,
      -0.9082753985946975,
      -0.09102933984695499,
      2.8423122300678867,
      0.5685122410834916,
      0.13951021811523834
    ],
    [
      -0.8519587146270748,
      -0.7518700991976992,
      1.253887593844652,
      0.1643474663093458,
      -1.1369316802108895,
      -0.9254373355095218,
      0.15618007321990376
    ],
    [
      0.1855092270762759,
      0.23921925444635986,
      3.5614371421317346,
      3.6754366824512696,
      0.7662610016396282,
      0.26955004529977294,
      -0.19576628791165948
    ]
  ],
  "train_accuracy": 0.9776,
  "validation_accuracy": 1.0
}