{
  "version": 1,
  "trained_at": "2026-04-28T20:49:37.536645+00:00",
  "horizons_h": [
    1,
    3,
    6,
    12,
    24
  ],
  "feature_names": [
    "kp_t+0h",
    "bz_t+0h",
    "v_t+0h",
    "kp_t-1h",
    "bz_t-1h",
    "v_t-1h",
    "kp_t-3h",
    "bz_t-3h",
    "v_t-3h",
    "kp_t-6h",
    "bz_t-6h",
    "v_t-6h",
    "kp_t-12h",
    "bz_t-12h",
    "v_t-12h",
    "kp_max_recent",
    "kp_min_recent",
    "v_mean_recent",
    "bz_min_recent"
  ],
  "lambda": 1.0,
  "n_train_real": 0,
  "n_train_total": 600,
  "training_source": "synthetic",
  "weights": [
    [
      0.050743882342374674,
      0.06365222588196881,
      0.018909487391540754,
      -0.019110275663377765,
      0.0502463374930911
    ],
    [
      -0.002965848585018017,
      -0.0031681583217457875,
      -0.005529766619085423,
      0.002623886371703244,
      -0.005197497306253009
    ],
    [
      0.001415951359322369,
      0.0007733857105124836,
      0.0006045741596407914,
      -0.000540222226787092,
      0.000271685526620279
    ],
    [
      -0.009146010692503675,
      -0.004346911012501007,
      -0.0017922901012957185,
      0.07742198250264522,
      0.10250819547071457
    ],
    [
      -0.018663798331446053,
      -0.01263363312529783,
      0.007517899204470546,
      -0.005700243889030426,
      0.0004906222604490574
    ],
    [
      0.0004757604235557557,
      0.0003433146988942329,
      0.0012360913405533357,
      -0.00038050532777004597,
      0.0009104739155491895
    ],
    [
      0.023443651839857985,
      0.018659609860494794,
      0.0009070310456559774,
      0.05724026302059991,
      -0.003143299687840106
    ],
    [
      0.005414016323160224,
      0.007421153481191813,
      -0.0087644742354313,
      0.0008259467757841145,
      0.002622243602908669
    ],
    [
      -0.0004743584751581879,
      0.0012300506094512146,
      0.0013322224970976353,
      0.0007638737545141388,
      -0.0001608897966815675
    ],
    [
      0.010047910418743608,
      0.018649907823342277,
      0.004210559284195291,
      0.037790112407199934,
      0.06998687268837692
    ],
    [
      0.014005532062280439,
      0.0070210418488062835,
      0.012081847646900337,
      0.007801454328720572,
      -0.014301655880812097
    ],
    [
      -7.211877326420037e-05,
      -0.00010287849465101238,
      0.0006076778318781045,
      0.00044466123640703024,
      0.00034478797920391483
    ],
    [
      -0.05990996016520513,
      -0.04882644733895958,
      0.07166038386865234,
      -0.00035219619658088437,
      0.005622868156251087
    ],
    [
      0.0023497769742022185,
      -0.0093842071408655,
      -0.016792162241063384,
      -0.016802009206729,
      0.006528669162412799
    ],
    [
      7.584077010735438e-05,
      0.00037655587406383877,
      -0.0005779048790242689,
      -0.00024969028180681216,
      0.00022984305828705834
    ],
    [
      -0.0032795936445665095,
      0.0033376263214138255,
      0.004557902250286928,
      -0.008768495480411035,
      -0.021782029647955566
    ],
    [
      -0.001757170420176328,
      -0.042378690284135365,
      -0.023908950331400277,
      0.026284320661882042,
      0.02408272538074054
    ],
    [
      0.0018225721056352648,
      0.00010868814003686653,
      -0.0006564266021533428,
      0.001393386037425993,
      -0.0004320048098587886
    ],
    [
      -0.32588477037518704,
      -0.2895374024792269,
      -0.2402107382813474,
      -0.1677708338713347,
      -0.08465253186878353
    ],
    [
      0.2829819899304712,
      0.361988807652927,
      0.21095750372407926,
      0.31388446912039114,
      0.060608613934682344
    ]
  ],
  "metrics": {
    "rmse_per_horizon": [
      0.4901855215321637,
      0.46768988007515866,
      0.45798835479133815,
      0.4089344219177696,
      0.3914800883203084
    ],
    "mae_per_horizon": [
      0.377631705238983,
      0.36174698128142363,
      0.36648178564890943,
      0.3183399379452127,
      0.31075620373008056
    ]
  }
}